<?xml version="1.0" encoding="UTF-8"?>
<project-private xmlns="http://www.netbeans.org/ns/project-private/1">
    <editor-bookmarks xmlns="http://www.netbeans.org/ns/editor-bookmarks/2" lastBookmarkId="0"/>
    <open-files xmlns="http://www.netbeans.org/ns/projectui-open-files/2">
        <group>
            <file>file:/C:/Users/aulainformatica/Downloads/patron_facade/Practica_facade/src/modulos/Solicitudprestamo.java</file>
            <file>file:/C:/Users/aulainformatica/Downloads/patron_facade/Practica_facade/src/modulos/Estudiocredito.java</file>
            <file>file:/C:/Users/aulainformatica/Downloads/patron_facade/Practica_facade/src/cliente/Cliente.java</file>
            <file>file:/C:/Users/aulainformatica/Downloads/patron_facade/Practica_facade/src/facade/FacadePrestamo.java</file>
            <file>file:/C:/Users/aulainformatica/Downloads/patron_facade/Practica_facade/src/practica_facade/Practica_facade.java</file>
            <file>file:/C:/Users/aulainformatica/Downloads/patron_facade/Practica_facade/src/modulos/EntidadBancaria.java</file>
        </group>
    </open-files>
</project-private>
